{"train/loss":1.1781,"_timestamp":1.7416480190642924e+09,"train_steps_per_second":0.053,"total_flos":7.27702177990656e+17,"train/global_step":1497,"train_samples_per_second":0.427,"train/learning_rate":6.00199123273737e-07,"eval/loss":1.251133680343628,"eval/runtime":338.4728,"_wandb":{"runtime":28149},"epoch":2.9942485621405353,"eval_steps_per_second":1.48,"eval/samples_per_second":1.48,"train_loss":1.2383715439097596,"_runtime":28148.981728973,"model_size_mb":3903.26171875,"eval_runtime":338.4728,"train_runtime":28092.0032,"train/example_count":11976,"eval/steps_per_second":1.48,"eval_loss":1.251133680343628,"eval_samples_per_second":1.48,"train/grad_norm":0.739163339138031,"_step":1498,"train/epoch":2.9942485621405353}